<?xml version="1.0" encoding="UTF-8"?>
<project-private xmlns="http://www.netbeans.org/ns/project-private/1">
    <editor-bookmarks xmlns="http://www.netbeans.org/ns/editor-bookmarks/2" lastBookmarkId="0"/>
    <open-files xmlns="http://www.netbeans.org/ns/projectui-open-files/2">
        <group>
            <file>file:/mnt/iut/dmorax/Documents/Semestre2_Redoublant/POO/Projet/Projet_Rpg/Adventure_Game/src/adventure_game/Personnage.java</file>
            <file>file:/mnt/iut/dmorax/Documents/Semestre2_Redoublant/POO/Projet/Projet_Rpg/Adventure_Game/src/adventure_game/Ennemi.java</file>
            <file>file:/mnt/iut/dmorax/Documents/Semestre2_Redoublant/POO/Projet/Projet_Rpg/Adventure_Game/src/adventure_game/Arme.java</file>
            <file>file:/mnt/iut/dmorax/Documents/Semestre2_Redoublant/POO/Projet/Projet_Rpg/Adventure_Game/src/adventure_game/Zombie.java</file>
            <file>file:/mnt/iut/dmorax/Documents/Semestre2_Redoublant/POO/Projet/Projet_Rpg/Adventure_Game/src/adventure_game/PersonnagePrincipal.java</file>
            <file>file:/mnt/iut/dmorax/Documents/Semestre2_Redoublant/POO/Projet/Projet_Rpg/Adventure_Game/src/adventure_game/Inventaire.java</file>
            <file>file:/mnt/iut/dmorax/Documents/Semestre2_Redoublant/POO/Projet/Projet_Rpg/Adventure_Game/src/adventure_game/Zone.java</file>
            <file>file:/mnt/iut/dmorax/Documents/Semestre2_Redoublant/POO/Projet/Projet_Rpg/Adventure_Game/src/adventure_game/Salle.java</file>
            <file>file:/mnt/iut/dmorax/Documents/Semestre2_Redoublant/POO/Projet/Projet_Rpg/Adventure_Game/src/adventure_game/Main.java</file>
            <file>file:/mnt/iut/dmorax/Documents/Semestre2_Redoublant/POO/Projet/Projet_Rpg/Adventure_Game/src/adventure_game/Item.java</file>
            <file>file:/mnt/iut/dmorax/Documents/Semestre2_Redoublant/POO/Projet/Projet_Rpg/Adventure_Game/src/adventure_game/Jeux.java</file>
        </group>
    </open-files>
</project-private>
